{
  "train_loss": [
    0.17322151662986887
  ],
  "train_accuracy": [
    0.9411668305473615
  ],
  "val_loss": [
    0.09846501328080147
  ],
  "val_accuracy": [
    0.9735785569533132
  ]
}