{
  "train_loss": [
    0.2453900672197342,
    0.11345631276567777,
    0.077824412047863,
    0.05805325247719884,
    0.058646233106652894,
    0.047810408912599085,
    0.05227279644211133,
    0.04484811857591073,
    0.03633003821596503,
    0.03608925250793497,
    0.031624177265912295,
    0.034033280091981095,
    0.029916442457586526,
    0.03619759013876319,
    0.03416862218609701,
    0.03170079191153248,
    0.0300684752886494,
    0.021328273927172025,
    0.03784031323157251,
    0.04226437516013781
  ],
  "train_acc": [
    0.9041666666666667,
    0.9676666666666667,
    0.9761666666666666,
    0.9858333333333333,
    0.9843333333333333,
    0.9883333333333333,
    0.9876666666666667,
    0.9896666666666667,
    0.9908333333333333,
    0.9918333333333333,
    0.993,
    0.9923333333333333,
    0.9926666666666667,
    0.9888333333333333,
    0.9911666666666666,
    0.9913333333333333,
    0.9908333333333333,
    0.9941666666666666,
    0.9898333333333333,
    0.9895
  ],
  "val_acc": [
    0.9591666666666666,
    0.97,
    0.9858333333333333,
    0.9858333333333333,
    0.9916666666666667,
    0.9875,
    0.9875,
    0.9883333333333333,
    0.9908333333333333,
    0.9875,
    0.9891666666666666,
    0.9916666666666667,
    0.9883333333333333,
    0.9875,
    0.9891666666666666,
    0.9916666666666667,
    0.9891666666666666,
    0.9925,
    0.9891666666666666,
    0.9883333333333333
  ]
}