{
  "train_loss": [
    0.360991589486599,
    0.1827843241294225,
    0.13386363701025644,
    0.11404824988047282,
    0.10546505030989647,
    0.10069134038686753,
    0.09714578501383464,
    0.08875079085429509,
    0.07949717522164186,
    0.08455469531814257,
    0.07257095241794984,
    0.07921247298518817,
    0.08289488763610522,
    0.07403988332549731,
    0.07360855000217756,
    0.06439113549888134,
    0.06775120940804481,
    0.068106526384751,
    0.060080238396922746,
    0.06259204663832982
  ],
  "train_acc": [
    0.837,
    0.9303333333333333,
    0.9525,
    0.9613333333333334,
    0.9663333333333334,
    0.9681666666666666,
    0.9696666666666667,
    0.9726666666666667,
    0.9768333333333333,
    0.973,
    0.9795,
    0.976,
    0.9735,
    0.977,
    0.9773333333333334,
    0.9808333333333333,
    0.98,
    0.9778333333333333,
    0.9806666666666667,
    0.98
  ],
  "val_acc": [
    0.9208333333333333,
    0.9291666666666667,
    0.9625,
    0.9666666666666667,
    0.9725,
    0.9758333333333333,
    0.9725,
    0.9708333333333333,
    0.9791666666666666,
    0.975,
    0.9658333333333333,
    0.9783333333333334,
    0.9683333333333334,
    0.9558333333333333,
    0.9783333333333334,
    0.9741666666666666,
    0.9816666666666667,
    0.9775,
    0.9791666666666666,
    0.9783333333333334
  ]
}